strategy,timeframe,sharpe,return,trades,win_rate,max_dd,p_value,validated,error
Doji Reversal,M15,-0.9262253351503655,-65.84016813414615,938,41.47121535181237,88.59986768290167,0.03720969925141888,False,
Doji Reversal,H1,-1.6712004923641297,-47.760249173672,280,37.5,60.982007624380486,0.03988354272966545,False,
Doji Reversal,H4,-1.7413945811403384,-15.280182994385576,78,38.46153846153847,27.805889493032865,0.16938276529547208,False,
Doji Reversal,D1,-5.7810193505428185,-4.004447507090754,6,33.33333333333333,6.079111343997119,0.2262455643095927,False,
Double Top/Bottom,M15,-1.0338705308323768,-93.61448729927116,1372,45.99125364431487,93.814598592939,0.00800922490193722,False,
Double Top/Bottom,H1,-1.7788399489651625,-70.8037942578902,518,42.857142857142854,77.90254969863172,0.005562844404910725,False,
Double Top/Bottom,H4,-1.671329702500449,-37.806066983611764,135,45.18518518518518,52.66839292167907,0.11254036110623615,False,
Double Top/Bottom,D1,0.34173769923852865,1.0873235783893325,21,47.61904761904761,11.798899848885794,0.46213069073432295,False,
Engulfing Pattern,M15,-0.1585053756102494,-23.85461767842553,1573,39.86013986013986,103.56378238927904,0.34612147564054163,False,
Engulfing Pattern,H1,0.6074384204412058,51.299791153800356,475,40.8421052631579,54.781804199563275,0.2026071862186712,False,
Engulfing Pattern,H4,-2.007575007569847,-31.258012336170133,131,32.82442748091603,43.12647087633773,0.07586390190249945,False,
Engulfing Pattern,D1,-0.06948884176060756,-0.21211978149223795,20,40.0,10.909658058737733,0.49248788618866246,False,
Flag/Pennant,M15,500.18112378684157,6.1664022795486195,2,100.0,0.0,1.0,False,
Flag/Pennant,H1,0.0,0.0,0,0.0,0.0,1.0,False,
Flag/Pennant,H4,0.0,0.0,0,0.0,0.0,1.0,False,
Flag/Pennant,D1,0.0,0.0,0,0.0,0.0,1.0,False,
Hammer/Shooting Star,M15,-1.8626852944922119,-37.90245840520042,166,36.144578313253014,43.295895931475556,0.06683122489711374,False,
Hammer/Shooting Star,H1,2.648286086152146,17.8736321942993,39,46.15384615384615,10.451674227300792,0.15513486236854523,False,
Hammer/Shooting Star,H4,3.8279487417901916,2.5290823625550365,5,40.0,1.9807467654279025,0.3274062476890127,False,
Hammer/Shooting Star,D1,0.0,-2.5469339693849724,1,0.0,2.5469339693849724,1.0,False,
Harami,M15,-0.12423561752807383,-26.551830721113884,3506,33.37136337706789,88.38890912330587,0.3215785196241544,False,
Harami,H1,-0.06695994220187161,-4.281104062216964,886,35.89164785553047,51.558150928478966,0.4500846644149461,False,
Harami,H4,-0.8885558392256955,-13.978366996772765,243,34.5679012345679,27.79046805338271,0.19237754067797563,False,
Harami,D1,1.1008196097152119,3.6534664727632298,42,33.33333333333333,8.364049081581943,0.3296794970278873,False,
Head & Shoulders,M15,-0.9217781247379623,-78.04982028962262,1010,33.46534653465347,89.8137924893874,0.03270379117709019,False,
Head & Shoulders,H1,-1.43749683710772,-54.58794304082845,301,32.55813953488372,64.62340159940105,0.05891657955844249,False,
Head & Shoulders,H4,-4.9313043991040635,-49.574266084838364,81,25.925925925925924,50.87246612113536,0.0034015520586107772,False,
Head & Shoulders,D1,-12.49705948711512,-16.01497763490979,10,10.0,16.01497763490979,0.021240659180513988,False,
Morning/Evening Star,M15,1.2424738815791936,27.585897368013445,113,36.283185840707965,15.85400913508096,0.20462661886960104,False,
Morning/Evening Star,H1,-0.778708373517564,-2.575858591939268,23,34.78260869565217,12.524771605733367,0.410076307367623,False,
Morning/Evening Star,H4,5.366236544799648,4.2109380600335315,5,60.0,2.2455717663855648,0.2680312426771303,False,
Morning/Evening Star,D1,0.0,3.9883590971768537,1,100.0,0.0,1.0,False,
Three Soldiers/Crows,M15,-0.6911100162771723,-84.97692699596216,1862,38.721804511278194,86.97676444391325,0.03026145381560778,False,
Three Soldiers/Crows,H1,-0.10736111942775808,-10.451064375006444,509,40.47151277013752,54.07306925483078,0.4394530292891721,False,
Three Soldiers/Crows,H4,1.86901328574053,63.30638501402436,164,46.95121951219512,39.13064959327883,0.0673660683771382,False,
Three Soldiers/Crows,D1,1.7739159698137938,7.232006847529555,25,48.0,8.104102239949244,0.2945650581328978,False,
Triangle Breakout,M15,0.0,0.0,0,0.0,0.0,1.0,False,
Triangle Breakout,H1,0.0,0.0,0,0.0,0.0,1.0,False,
Triangle Breakout,H4,0.0,0.0,0,0.0,0.0,1.0,False,
Triangle Breakout,D1,0.0,0.0,0,0.0,0.0,1.0,False,
Tweezer Tops/Bottoms,M15,-0.46457768763217033,-82.82487200934047,2144,41.46455223880597,147.38149080171598,0.08781503946806395,False,
Tweezer Tops/Bottoms,H1,-0.7148360439177185,-38.608522444849925,596,40.77181208053691,51.19560632555512,0.1362347882045863,False,
Tweezer Tops/Bottoms,H4,-1.6407675445012961,-28.418536744943683,165,35.75757575757576,33.32731588474601,0.0937329816426445,False,
Tweezer Tops/Bottoms,D1,-7.033197571163284,-14.864365366193288,21,23.809523809523807,19.481281639008866,0.030732191860725015,False,
CCI,M15,-0.42006665233213825,-73.52243971423567,1080,33.05555555555556,152.15197196342706,0.19246063392872376,False,
CCI,H1,-1.3384969347223952,-60.83848128213864,349,31.51862464183381,76.4639366229839,0.058322975352813944,False,
CCI,H4,0.19178200290913466,3.3175819914766,91,35.16483516483517,21.197169077366087,0.454504119310033,False,
CCI,D1,-6.897127918258845,-17.837575623561623,18,16.666666666666664,22.01970140799302,0.04552431805486647,False,
DMI,M15,-0.21879223648050827,-46.15282795241777,1141,34.355828220858896,135.43444611357464,0.3208831909610479,False,
DMI,H1,0.22507912162045035,18.65536830322093,320,36.25,60.43405075000972,0.400123395031663,False,
DMI,H4,1.7327354101615793,26.85059380752131,78,41.02564102564102,23.651453260855014,0.17057928580612447,False,
DMI,D1,-84.09048315407733,-18.27502740312928,9,0.0,18.27502740312928,1.9439787096121762e-07,False,
Money Flow Index,M15,-0.3581945955188871,-42.288489002752804,688,34.156976744186046,114.89143248605262,0.27721628370617335,False,
Money Flow Index,H1,-0.6149955975268554,-24.073190482820372,200,32.5,52.133374418897915,0.2926637531553485,False,
Money Flow Index,H4,-4.248844009585132,-35.393322683551546,64,25.0,44.31547833770989,0.018782792980789283,False,
Money Flow Index,D1,-3.1678801043788964,-3.7822043072349154,7,28.57142857142857,9.21972058862053,0.3211626432788325,False,
Parabolic SAR,M15,-0.1181488301598686,-59.19748329908058,5916,31.643002028397564,146.75428802808352,0.2835333033043584,False,
Parabolic SAR,H1,-0.11353163454205838,-19.64114553061756,1578,31.55893536121673,90.87897136495482,0.3882202923429148,False,
Parabolic SAR,H4,1.2284798284248142,69.90833087271534,446,34.97757847533632,24.671399117990315,0.05164292657659371,False,
Parabolic SAR,D1,-2.205845317104746,-10.969169072847253,51,29.411764705882355,14.947900064548195,0.1652769919675005,False,
Rate of Change,M15,-0.31699235435079287,-72.45999717374883,1090,34.58715596330275,181.3092189827503,0.25502872213127437,False,
Rate of Change,H1,-0.25487149937354675,-18.468896686252084,316,35.75949367088608,105.18313279190656,0.3879329372634912,False,
Rate of Change,H4,1.1114318946699258,16.53136994232953,76,39.473684210526315,22.277124980569845,0.2730613500163942,False,
Rate of Change,D1,-14.861176879845093,-13.803508381063947,9,11.11111111111111,13.803508381063947,0.014676148053004186,False,
Triple EMA 8/21/55,M15,0.308162680050072,210.48881735413167,2092,34.608030592734224,135.83627193873735,0.18740730501859348,False,
Triple EMA 8/21/55,H1,0.5975313974138733,63.0832455274906,638,34.79623824451411,63.59989901652076,0.17123262117253274,False,
Triple EMA 8/21/55,H4,2.4033710816690443,56.092602842154534,144,38.19444444444444,16.755517229948307,0.036162069420047294,True,
Triple EMA 8/21/55,D1,15.281560933661508,26.220856039762058,12,75.0,1.2831884057971001,0.004282312523186064,False,
Williams %R,M15,-0.29342386787683883,-67.54423059039006,1391,33.57296908698778,143.6087782588276,0.24542753373677034,False,
Williams %R,H1,-1.1096229809528197,-73.04598874246024,436,32.3394495412844,105.86351371534938,0.07279850625551798,False,
Williams %R,H4,-2.0777307234824134,-35.44143364494968,124,30.64516129032258,42.2436504559403,0.07458187311735721,False,
Williams %R,D1,-2.415995912645424,-6.691021930073039,16,31.25,16.862364658968147,0.2821688396106874,False,
Accumulation/Distribution,M15,0.8772721431884875,1338.0129670706958,1658,42.882991556091675,379.85674623224054,0.012304218250168473,False,
Accumulation/Distribution,H1,1.0711948542941345,72.40577750699289,428,43.45794392523364,26.791426875564156,0.08196348421966253,False,
Accumulation/Distribution,H4,2.730087752667954,51.740784377126495,102,48.03921568627451,12.870563384161832,0.04348883241836814,True,
Accumulation/Distribution,D1,12.780539317018041,12.519715558683947,9,77.77777777777779,1.7030287423489245,0.026151252841756786,False,
Chaikin Money Flow,M15,0.0,0.0,0,0.0,0.0,1.0,False,
Chaikin Money Flow,H1,0.0,0.0,0,0.0,0.0,1.0,False,
Chaikin Money Flow,H4,0.0,0.0,0,0.0,0.0,1.0,False,
Chaikin Money Flow,D1,0.0,0.0,0,0.0,0.0,1.0,False,
Large Candle + Volume,M15,-0.9053005177941392,-79.37494879023096,1161,46.85615848406546,87.45908280445553,0.026169882946111844,False,
Large Candle + Volume,H1,0.6136945466015624,53.90316690311745,306,51.307189542483655,62.26583477117654,0.2500451752683758,False,
Large Candle + Volume,H4,-1.2351927243170016,-18.690199570132027,80,43.75,34.650951426660306,0.24561152429095778,False,
Large Candle + Volume,D1,1.218286355152674,0.7318227774061415,3,66.66666666666666,4.2482117612086405,0.4617400922336366,False,
On-Balance Volume,M15,-0.4499900021829184,-80.08264577989326,2002,37.96203796203797,135.38115539902353,0.10246914444142186,False,
On-Balance Volume,H1,0.49156224512203917,56.7495694987185,501,41.51696606786427,76.02588896920707,0.24450070322522005,False,
On-Balance Volume,H4,0.597405934925705,9.610234363320725,133,41.35338345864661,18.91399622419218,0.3330887790002419,False,
On-Balance Volume,D1,-14.43656269901409,-18.853633838721805,16,12.5,19.81457921990065,0.0015401174876838875,False,
VWAP Deviation,M15,-0.7897608758518051,-6.521274141897066,77,27.27272727272727,19.39965968920533,0.332862869949622,False,
VWAP Deviation,H1,1.1262070503067252,14.988659125019222,113,31.858407079646017,13.386162260088804,0.2271723775460036,False,
VWAP Deviation,H4,-0.9009605436846992,-6.491150169147186,72,31.944444444444443,15.482787192510386,0.3169787285483204,False,
VWAP Deviation,D1,16.63325765125048,21.252744859144222,19,89.47368421052632,2.015961966992854,0.00015623055766155966,False,
Volume Divergence,M15,-0.6534563779530299,-95.29057978852894,3230,42.38390092879257,121.527255895137,0.009695246403781048,False,
Volume Divergence,H1,-0.3306769902613202,-39.488319518453494,911,42.590559824368825,96.56798019981113,0.26495538582432043,False,
Volume Divergence,H4,-1.4618749872705041,-40.03651981952512,282,39.71631205673759,43.2236502675499,0.0618931178482754,False,
Volume Divergence,D1,2.1144367816073033,6.489440999091603,25,52.0,7.31339442562783,0.2601307404828135,False,
Volume Profile,M15,0.7756913528777951,313.8827504979181,1652,40.375302663438255,104.7811513261291,0.02362898512003943,False,
Volume Profile,H1,0.7531325299858145,62.63607758534546,686,45.33527696793003,30.93950910467167,0.1073862668873374,False,
Volume Profile,H4,2.0621197060510634,43.2882006042091,212,55.660377358490564,18.212989577321622,0.030271679269299134,True,
Volume Profile,D1,6.919923214083316,14.709309748919985,30,76.66666666666667,2.0043763621153445,0.012968613882567261,True,
VSA,M15,0.0,0.0,0,0.0,0.0,1.0,False,The truth value of a Series is ambiguous. Use a.em
VSA,H1,0.0,0.0,0,0.0,0.0,1.0,False,The truth value of a Series is ambiguous. Use a.em
VSA,H4,0.0,0.0,0,0.0,0.0,1.0,False,The truth value of a Series is ambiguous. Use a.em
VSA,D1,0.0,0.0,0,0.0,0.0,1.0,False,The truth value of a Series is ambiguous. Use a.em
Volume MACD,M15,0.0,0.0,0,0.0,0.0,1.0,False,
Volume MACD,H1,0.0,0.0,0,0.0,0.0,1.0,False,
Volume MACD,H4,0.0,0.0,0,0.0,0.0,1.0,False,
Volume MACD,D1,0.0,0.0,0,0.0,0.0,1.0,False,
ATR Regime Switch,M15,0.2972635039814569,10.663838322123139,176,36.36363636363637,47.35360363689477,0.40232089422843176,False,
ATR Regime Switch,H1,9.093117767031517,53.11678556045714,24,62.5,7.091290200754866,0.005739790775044326,False,
ATR Regime Switch,H4,799.0727206949655,8.284950423096998,2,100.0,0.0,1.0,False,
ATR Regime Switch,D1,1.9322907941738232,0.6881355485833228,2,50.0,2.4825805780329757,1.0,False,
Day of Week Effect,M15,-0.26803418254817146,-22.74383264616947,861,36.23693379790941,48.509133075254596,0.31030941504731413,False,
Day of Week Effect,H1,-0.21203585805817177,-5.317391342088504,242,36.36363636363637,28.81975845058574,0.4179532944887963,False,
Day of Week Effect,H4,2.389809156370185,21.39770809435853,80,42.5,8.282299097975173,0.09235739813327316,False,
Day of Week Effect,D1,19.59182431027284,25.663473956026284,15,86.66666666666667,1.5904326471938839,0.00019935318582526751,False,
K-Nearest Neighbors,M15,0.0,0.0,0,0.0,0.0,1.0,False,
K-Nearest Neighbors,H1,0.0,0.0,0,0.0,0.0,1.0,False,
K-Nearest Neighbors,H4,0.0,0.0,0,0.0,0.0,1.0,False,
K-Nearest Neighbors,D1,0.0,0.0,0,0.0,0.0,1.0,False,
Random Forest,M15,0.0,0.0,0,0.0,0.0,1.0,False,
Random Forest,H1,0.0,0.0,0,0.0,0.0,1.0,False,
Random Forest,H4,0.0,0.0,0,0.0,0.0,1.0,False,
Random Forest,D1,0.0,0.0,0,0.0,0.0,1.0,False,
Statistical Momentum,M15,-0.32236102127943445,-60.80058362727332,3254,35.86355255070682,78.56936536053988,0.12343333211660913,False,
Statistical Momentum,H1,0.4368251238461481,45.76092913976581,825,38.06060606060606,43.48255928447078,0.21490733015620533,False,
Statistical Momentum,H4,1.6901286349305042,36.41030159683596,213,38.967136150234744,22.018150431093456,0.06129265459329274,False,
Statistical Momentum,D1,-1.0562256740313813,-3.324533448808252,36,36.11111111111111,6.749583542805904,0.3481202730279647,False,
Triple TF Alignment,M15,0.7052978898444662,699.9978236405436,1516,48.61477572559367,335.1756615668609,0.04197660453405879,False,
Triple TF Alignment,H1,2.2873736352630987,461.4492569185299,476,52.52100840336135,38.63857004358455,0.000896215367751775,False,
Triple TF Alignment,H4,2.9644100684272843,107.77482665971394,159,55.34591194968554,24.232751185512843,0.01007523637452587,True,
Triple TF Alignment,D1,9.487057806633745,43.77602458951762,31,64.51612903225806,5.561704396635541,0.0013393783277709475,True,
Z-Score Mean Reversion,M15,-0.25495539725333594,-69.25338459100985,2790,37.02508960573477,127.10311714586105,0.19820516775838953,False,
Z-Score Mean Reversion,H1,-0.14768998473515715,-8.945544322782807,729,37.4485596707819,34.29657628968337,0.40093292154731486,False,
Z-Score Mean Reversion,H4,-1.4566280708048904,-24.786026495538,177,32.7683615819209,35.139162375999234,0.11255609469897966,False,
Z-Score Mean Reversion,D1,-4.876162891908445,-10.69105855943859,30,23.333333333333332,13.268178681974932,0.05444047136081795,False,
Bollinger %B,M15,0.0,0.0,0,0.0,0.0,1.0,False,'bb_middle'
Bollinger %B,H1,0.0,0.0,0,0.0,0.0,1.0,False,'bb_middle'
Bollinger %B,H4,0.0,0.0,0,0.0,0.0,1.0,False,'bb_middle'
Bollinger %B,D1,0.0,0.0,0,0.0,0.0,1.0,False,'bb_middle'
GOLD-SILVER Correlation,M15,0.0,0.0,0,0.0,0.0,1.0,False,
GOLD-SILVER Correlation,H1,0.0,0.0,0,0.0,0.0,1.0,False,
GOLD-SILVER Correlation,H4,0.0,0.0,0,0.0,0.0,1.0,False,
GOLD-SILVER Correlation,D1,0.0,0.0,0,0.0,0.0,1.0,False,
Gann Levels,M15,0.4796825901257937,967.4126629566621,5820,51.52920962199312,361.04533611353867,0.010599766354025248,False,
Gann Levels,H1,1.3128331205550494,111.64353260116602,485,46.8041237113402,41.94193657967393,0.0347328564521666,False,
Gann Levels,H4,2.8863434458066837,23.11459835360829,64,42.1875,8.534751966032472,0.0769630922013064,False,
Gann Levels,D1,0.0,0.0,0,0.0,0.0,1.0,False,
HV Ratio,M15,1.346304002919515,249.39612949487412,474,46.20253164556962,84.67361158613934,0.03286931265464189,False,
HV Ratio,H1,3.8034711964733656,78.17767672129993,102,50.98039215686274,28.967276705766672,0.008929064663554268,False,
HV Ratio,H4,6.7171163972106065,17.751220243447353,16,62.5,6.61560200859376,0.06102644294353048,False,
HV Ratio,D1,9.213997776545215,3.8626423797612555,3,66.66666666666666,1.5694502762204683,0.24900270046770195,False,
Hurst Exponent,M15,0.0,0.0,0,0.0,0.0,1.0,False,
Hurst Exponent,H1,0.0,0.0,0,0.0,0.0,1.0,False,
Hurst Exponent,H4,0.0,0.0,0,0.0,0.0,1.0,False,
Hurst Exponent,D1,0.0,0.0,0,0.0,0.0,1.0,False,
M5 Scalp in H1 Trend,M15,0.42662950555956297,69.52116963687953,1346,44.873699851411594,47.03744397380482,0.16224718892997192,False,
M5 Scalp in H1 Trend,H1,0.9302545631398663,33.6924858615409,374,46.79144385026738,27.826491777771007,0.129230327600925,False,
M5 Scalp in H1 Trend,H4,2.972627252014623,23.676951851694866,87,52.87356321839081,7.492407060971982,0.04302296688456669,True,
M5 Scalp in H1 Trend,D1,17.89491574794331,15.722253012848997,13,84.61538461538461,1.1383709430515228,0.0010455547207346887,False,
MTF RSI,M15,-1.817783959556971,-2.4503350372033856,16,31.25,4.724776609795372,0.33186930362625006,False,
MTF RSI,H1,-2.5688226066553477,-1.4138101209826346,5,40.0,3.094723871409169,0.3812120966546203,False,
MTF RSI,H4,0.0,0.0,0,0.0,0.0,1.0,False,
MTF RSI,D1,0.0,0.0,0,0.0,0.0,1.0,False,
RSI Divergence + MACD,M15,0.0,0.0,0,0.0,0.0,1.0,False,'macd_histogram'
RSI Divergence + MACD,H1,0.0,0.0,0,0.0,0.0,1.0,False,'macd_histogram'
RSI Divergence + MACD,H4,0.0,0.0,0,0.0,0.0,1.0,False,'macd_histogram'
RSI Divergence + MACD,D1,0.0,0.0,0,0.0,0.0,1.0,False,'macd_histogram'
Renko Breakout,M15,1.5672619459847357,103.93341121814986,263,51.33079847908745,30.2305606567569,0.055617912522842074,False,
Renko Breakout,H1,0.5969586681843403,7.1381290705928215,65,46.15384615384615,27.433382621865693,0.3822562630661451,False,
Renko Breakout,H4,9.970139343512358,20.942127044576647,12,83.33333333333334,5.950841381793507,0.030687494108452264,False,
Renko Breakout,D1,0.0,0.0,0,0.0,0.0,1.0,False,
Seasonality,M15,0.8388288899845397,110.14786626270987,626,40.894568690095845,102.59350905108234,0.09348718069476152,False,
Seasonality,H1,1.5446304282275538,29.951793997303085,150,44.666666666666664,15.202445572181494,0.11841500085983123,False,
Seasonality,H4,4.775376205099055,17.253730543373077,36,52.77777777777778,4.923457210165652,0.041906770712351216,True,
Seasonality,D1,85.24917225774026,5.985323176582024,3,100.0,0.0,0.008449701705306106,False,
Time of Day,M15,0.5082972112580508,76.02341351636693,1021,38.5896180215475,48.54975654978478,0.15336319484824298,False,
Time of Day,H1,0.5965365269619488,34.99064164499423,416,41.58653846153847,32.94029916927943,0.22219631056383415,False,
Time of Day,H4,4.734570616147162,87.73564425588138,141,48.93617021276596,11.751282598121762,0.0002824674165986337,True,
Time of Day,D1,0.0,0.0,0,0.0,0.0,1.0,False,
Volatility Percentile,M15,1.5133743978518321,1082.4469189776687,778,39.84575835475578,204.55914536321274,0.004018191372251025,False,
Volatility Percentile,H1,2.84078647393431,179.91465843938204,197,43.14720812182741,33.46378466278302,0.006523918658602748,False,
Volatility Percentile,H4,5.824599482412586,116.15659794406994,64,54.6875,21.67562712336359,0.002478712254547212,True,
Volatility Percentile,D1,17.08899619652018,29.585041298136165,10,80.0,2.812034565998401,0.0051653220258228655,False,
Volume Profile + Fib,M15,0.8440630547551512,906.1779050451877,821,33.00852618757612,441.4392725638205,0.06412404604611463,False,
Volume Profile + Fib,H1,3.0604624996898884,299.5261507509488,183,41.53005464480874,59.23207716528821,0.005031264877701447,False,
Volume Profile + Fib,H4,5.734524171318144,63.94774127563727,38,39.473684210526315,11.277170908145816,0.01716715059461384,True,
Volume Profile + Fib,D1,0.0,0.0,0,0.0,0.0,1.0,False,
Weekly Bias + Daily Entry,M15,0.4960751243509728,281.1533855064528,2548,40.97331240188383,130.94018852724767,0.057447340053148055,False,
Weekly Bias + Daily Entry,H1,0.7249446271232372,83.62332949309047,765,43.529411764705884,61.1149847653892,0.10361894235574116,False,
Weekly Bias + Daily Entry,H4,1.9848742560285628,58.8462909878188,270,48.51851851851852,13.606593922870944,0.020630949251654578,True,
Weekly Bias + Daily Entry,D1,6.618179285907992,11.233488836933775,16,50.0,3.016731608907539,0.06360812319932646,False,
Breaker Blocks,M15,-1.0816599801871591,-84.05321607666411,1120,29.107142857142858,84.56338811424826,0.011417803068094782,False,
Breaker Blocks,H1,-1.100955365572799,-33.027366135316505,266,29.69924812030075,42.32449791602886,0.1299602650201371,False,
Breaker Blocks,H4,-3.785752066149679,-20.165427319886366,56,21.428571428571427,22.763151096167523,0.041251745877841105,False,
Breaker Blocks,D1,-100.09570298572861,-10.740859023767408,8,0.0,10.740859023767408,3.3987890436750244e-07,False,
Genetic Algorithm,M15,0.8848137548756534,4123.332472354578,1376,50.36337209302325,1148.751895585038,0.019468907913280695,False,
Genetic Algorithm,H1,2.5640974671973735,643.2432541211733,412,53.883495145631066,123.26018357197914,0.0005739060348150183,False,
Genetic Algorithm,H4,4.565223384251914,181.35560659533652,119,63.02521008403361,19.98703244788492,0.0011228485845586771,True,
Genetic Algorithm,D1,12.795430472622014,40.2319752574512,21,71.42857142857143,5.58071845813236,0.0008844530459228756,False,
Kelly Criterion Sizing,M15,0.0,0.0,0,0.0,0.0,1.0,False,'macd_histogram'
Kelly Criterion Sizing,H1,0.0,0.0,0,0.0,0.0,1.0,False,'macd_histogram'
Kelly Criterion Sizing,H4,0.0,0.0,0,0.0,0.0,1.0,False,'macd_histogram'
Kelly Criterion Sizing,D1,0.0,0.0,0,0.0,0.0,1.0,False,'macd_histogram'
LSTM Prediction,M15,3.684388236524693,1494.8687549931788,613,60.685154975530175,107.97749448936942,7.38326371114223e-09,False,
LSTM Prediction,H1,4.704226020081354,1512.1582836861714,574,68.98954703832753,134.6862287015612,1.9352444804570623e-12,False,
LSTM Prediction,H4,6.820428532884124,287.4856033215331,341,72.14076246334311,10.497013311187073,1.6785715565568113e-14,True,
LSTM Prediction,D1,7.941382831501868,36.34658410269194,80,75.0,2.395049889520942,1.4099368396401865e-05,True,
OTE (0.618-0.79 retracement),M15,0.5305206741713715,116.2548435567083,995,33.66834170854271,77.3883981014819,0.14615025037072354,False,
OTE (0.618-0.79 retracement),H1,0.8589871139390594,38.516512392453166,254,35.039370078740156,38.8694549297419,0.19511191916345388,False,
OTE (0.618-0.79 retracement),H4,3.578748030723695,37.449247784575874,62,43.54838709677419,10.383841700437243,0.04164713712196172,True,
OTE (0.618-0.79 retracement),D1,24.73206418034057,22.628784697088687,7,85.71428571428571,1.832387587264693,0.004399613314129852,False,
Support Vector Machine,M15,0.0,0.0,0,0.0,0.0,1.0,False,'macd_histogram'
Support Vector Machine,H1,0.0,0.0,0,0.0,0.0,1.0,False,'macd_histogram'
Support Vector Machine,H4,0.0,0.0,0,0.0,0.0,1.0,False,'macd_histogram'
Support Vector Machine,D1,0.0,0.0,0,0.0,0.0,1.0,False,'macd_histogram'
Silver Bullet (1000-1100 UTC),M15,1.154588132778175,63.96624410863154,319,40.43887147335423,39.44369201985202,0.09778550673828781,False,
Silver Bullet (1000-1100 UTC),H1,-0.6937144313360406,-13.781812651047748,139,36.69064748201439,49.773710015658175,0.30426104346867755,False,
Silver Bullet (1000-1100 UTC),H4,0.0,0.0,0,0.0,0.0,1.0,False,
Silver Bullet (1000-1100 UTC),D1,0.0,0.0,0,0.0,0.0,1.0,False,
Volatility Targeting,M15,0.7578996814413217,979.1796876471083,2597,38.775510204081634,210.17790195492648,0.0075297966874188806,False,
Volatility Targeting,H1,1.0673992085298336,143.20963625953647,802,40.02493765586035,58.00510626876808,0.028698246866485425,False,
Volatility Targeting,H4,3.164038270575749,137.3008648407497,271,44.64944649446495,17.415715060525873,0.0005971173823096665,True,
Volatility Targeting,D1,7.248461564837877,31.266842109989483,37,62.16216216216216,3.1626400098416343,0.004753706688404088,True,
ATR Regime Switch,M15,-0.8255295042879844,-69.52753735683046,1100,33.09090909090909,86.02136136989215,0.042496712666245086,False,
ATR Regime Switch,H1,0.16523410427032287,8.923673347467211,271,35.79335793357934,35.91001502209181,0.43216274559679607,False,
ATR Regime Switch,H4,1.7344429834945052,29.547393920310476,80,38.75,23.271526611371538,0.1672260353093915,False,
ATR Regime Switch,D1,10.776036373868644,22.088637944903585,10,70.0,5.390053898091828,0.0360873532869876,False,
Decision Tree Rules,M15,-0.25978624232326764,-44.565131518438626,1083,41.735918744229,68.3557557161946,0.2952381395279742,False,
Decision Tree Rules,H1,0.6065710858433181,62.66690192230342,359,43.73259052924791,46.912494259092,0.2350838206616987,False,
Decision Tree Rules,H4,0.6833597555308655,17.850501124068924,102,46.07843137254902,36.3457079008937,0.3331054449150874,False,
Decision Tree Rules,D1,12.141239982522707,37.831952538144726,15,80.0,7.861418690041846,0.006278138648942418,False,
Gold-Silver Ratio,M15,-0.278247385062027,-69.92311148643357,1797,40.56761268781302,115.65683520206429,0.22884369870660082,False,
Gold-Silver Ratio,H1,-0.5183681561291243,-41.900250742784415,510,38.62745098039216,75.00299302890977,0.2308188778948883,False,
Gold-Silver Ratio,H4,-1.4549400845174623,-28.286424226568613,152,38.15789473684211,33.46296482987438,0.1309240420782081,False,
Gold-Silver Ratio,D1,-4.740410049780451,-14.83641052981082,24,25.0,25.60945393361034,0.08278024427403533,False,
K-Nearest Neighbors,M15,0.32539174083839495,255.36566666702635,4480,37.120535714285715,102.43540776761384,0.08509426254202843,False,
K-Nearest Neighbors,H1,0.1974052083263906,26.132768896124908,1211,37.24194880264244,78.13725858455153,0.33270408007001634,False,
K-Nearest Neighbors,H4,-0.4518574970077973,-13.945738258601542,365,34.52054794520548,28.519286972243624,0.29370867371069526,False,
K-Nearest Neighbors,D1,5.015493517822056,25.762876831817156,46,54.347826086956516,9.775362255613036,0.019802218861299868,True,
Parkinson Volatility,M15,-1.0990960194385802,-59.461254648037645,540,31.666666666666664,68.95877478530834,0.0542737759680477,False,
Parkinson Volatility,H1,-1.6239520804267862,-6.784763350933845,31,29.03225806451613,19.37838227469625,0.2897120522508988,False,
Parkinson Volatility,H4,1.8983064417116502,1.9124862654810022,8,37.5,2.732181183078574,0.38046829117289993,False,
Parkinson Volatility,D1,-77.02547498865859,-7.650581006700868,4,0.0,7.650581006700868,0.0017670630109359424,False,
Random Forest Ensemble,M15,0.0,0.0,0,0.0,0.0,1.0,False,'numpy.float64' object has no attribute 'rolling'
Random Forest Ensemble,H1,0.0,0.0,0,0.0,0.0,1.0,False,'numpy.float64' object has no attribute 'rolling'
Random Forest Ensemble,H4,0.0,0.0,0,0.0,0.0,1.0,False,'numpy.float64' object has no attribute 'rolling'
Random Forest Ensemble,D1,0.0,0.0,0,0.0,0.0,1.0,False,'numpy.float64' object has no attribute 'rolling'
ADX + Bollinger Squeeze,M15,-0.6581963638805004,-61.77108901885568,564,56.205673758865245,76.69438426351218,0.16281678198651922,False,
ADX + Bollinger Squeeze,H1,-0.6578122942430517,-23.752386477387017,147,55.10204081632652,73.50675160013202,0.30866789930965854,False,
ADX + Bollinger Squeeze,H4,4.850284742465709,48.74236926872352,39,71.7948717948718,14.51406048908051,0.03365331938491745,True,
ADX + Bollinger Squeeze,D1,-5.800314433092313,-3.383062751942107,3,33.33333333333333,3.7981532480155513,0.32840317166569993,False,
Day of Week Effect,M15,-0.29821520956726394,-66.56219894987777,2230,37.71300448430493,100.21388308650614,0.18760876972483964,False,
Day of Week Effect,H1,-0.6339323909068311,-50.81839487789219,674,36.053412462908014,76.71399510481565,0.15029243110743834,False,
Day of Week Effect,H4,-0.003938552320151598,-0.1250116045337927,242,39.66942148760331,37.5976834484652,0.4984650177922177,False,
Day of Week Effect,D1,-3.39778875411509,-14.045233825319665,40,30.0,21.821769335237903,0.09453602501394316,False,
Genetic Algorithm Optimized,M15,0.06340810199601508,18.780969163995486,1342,46.19970193740686,93.03933154309297,0.4418646360940013,False,
Genetic Algorithm Optimized,H1,1.4491586771299896,190.43923963385194,379,51.187335092348285,50.616995688329624,0.03836370887545227,False,
Genetic Algorithm Optimized,H4,2.1043884785204976,76.89971227859878,131,54.961832061068705,34.29713750041898,0.06654888073594806,False,
Genetic Algorithm Optimized,D1,10.176986179515154,32.34173047330443,17,76.47058823529412,10.521635426508928,0.010395200786591617,False,
Historical Volatility Ratio,M15,-1.2414529077481915,-83.33865339175142,664,30.72289156626506,97.62023194848626,0.022224248587829377,False,
Historical Volatility Ratio,H1,0.041764962514682626,1.252978846879505,136,34.55882352941176,50.64297654159429,0.48782927640633594,False,
Historical Volatility Ratio,H4,2.8361166820403825,24.327482282035128,34,44.11764705882353,17.43658217378681,0.1561037833447588,False,
Historical Volatility Ratio,D1,4.247827012007113,4.617830350055665,6,50.0,3.7724807630062243,0.28784044805940584,False,
Monthly Seasonality,M15,0.41057835195115366,79.77272700982935,1596,43.609022556390975,56.81159061286357,0.15089371484557942,False,
Monthly Seasonality,H1,0.447684694229081,19.689643728127685,363,41.04683195592286,26.585288622045557,0.2959471833885185,False,
Monthly Seasonality,H4,5.086148112683309,58.99516820095323,81,59.25925925925925,13.361095377138898,0.002657054584542441,True,
Monthly Seasonality,D1,13.323769731092348,26.6106440521711,18,72.22222222222221,2.136799783770475,0.0014943393123427178,False,
Neural Network Signals,M15,-0.2956625786022133,-29.99613911302681,1318,35.73596358118361,54.21693274408659,0.2496081760254515,False,
Neural Network Signals,H1,-0.3418470671917773,-11.932771746392282,378,37.56613756613756,29.175017626922845,0.3380482559431689,False,
Neural Network Signals,H4,0.6295217120810961,6.645320944365213,110,35.45454545454545,22.180678968552474,0.33983567950906124,False,
Neural Network Signals,D1,3.680514244667083,8.647749550175266,22,59.09090909090909,4.680445245979844,0.15004359750022,False,
RSI Divergence + MACD,M15,0.6204632468368627,157.09593736841737,609,49.75369458128079,146.52074808291349,0.1677754413119722,False,
RSI Divergence + MACD,H1,1.9292368981530146,70.40906138967541,145,55.86206896551724,27.073278774088994,0.07345866901307153,False,
RSI Divergence + MACD,H4,7.435024716260565,43.39619249997966,32,62.5,7.322923221388519,0.006947311335245776,True,
RSI Divergence + MACD,D1,123.29443228486741,11.945781992521189,4,100.0,0.0,0.0004440754571682232,False,
SVM Classification,M15,-0.09034554482101634,-41.2169999962051,3320,38.10240963855422,177.25228736747718,0.37151291693101707,False,
SVM Classification,H1,-0.03824579030555417,-4.544853219613669,933,38.47802786709539,61.71137028616068,0.470691537097504,False,
SVM Classification,H4,1.3992948095436524,51.532128171144706,248,43.54838709677419,30.890002713015985,0.08359862772152461,False,
SVM Classification,D1,1.794214886336886,9.391960864982503,39,46.15384615384615,13.535963752307945,0.2451053755079891,False,
Volatility Targeting,M15,0.19602980835813608,204.14872797993252,5465,37.072278133577306,220.03255531063877,0.1806931437666615,False,
Volatility Targeting,H1,0.049390339880855394,6.29426318212867,1180,37.11864406779661,72.74519746450355,0.45747048221043396,False,
Volatility Targeting,H4,1.0577666071698142,28.908479002970633,243,39.91769547325103,25.011230009407882,0.15048623543080916,False,
Volatility Targeting,D1,11.564969135034927,30.308385192548904,26,69.23076923076923,2.0251427112131206,0.000616331382169261,False,
Breaker Blocks,M15,0.0,0.0,0,0.0,0.0,1.0,False,
Breaker Blocks,H1,0.0,0.0,0,0.0,0.0,1.0,False,
Breaker Blocks,H4,0.0,0.0,0,0.0,0.0,1.0,False,
Breaker Blocks,D1,0.0,0.0,0,0.0,0.0,1.0,False,
Choppiness Index,M15,0.0,0.0,0,0.0,0.0,1.0,False,
Choppiness Index,H1,0.0,0.0,0,0.0,0.0,1.0,False,
Choppiness Index,H4,0.0,0.0,0,0.0,0.0,1.0,False,
Choppiness Index,D1,0.0,0.0,0,0.0,0.0,1.0,False,
Fractal Trading,M15,1.2240690219139583,2771.541464853892,1193,53.39480301760269,397.29226218131606,0.003933594446595198,False,
Fractal Trading,H1,2.23011234676894,525.6134209830238,346,56.64739884393064,140.3692851725402,0.004732909660517838,False,
Fractal Trading,H4,3.5853624544913347,76.91100666414647,95,61.05263157894737,20.550064616783402,0.015508223154960246,True,
Fractal Trading,D1,-1.6189665370450466,-5.225249073567466,17,41.17647058823529,8.614890620361948,0.34436180258481286,False,
Keltner Channel Breakout,M15,-0.16971281853770115,-30.74843765579095,1042,44.52975047984645,90.08058286651128,0.36510571842280126,False,
Keltner Channel Breakout,H1,-0.13307234081719851,-5.8959918894553445,288,45.48611111111111,40.42617747774062,0.4435846396547753,False,
Keltner Channel Breakout,H4,2.3763052089499856,41.813826321371835,79,53.16455696202531,27.17654464333971,0.09500706070003415,False,
Keltner Channel Breakout,D1,8.861606297894825,15.105609712109908,10,70.0,5.676931412063859,0.06415921996605119,False,
Linear Regression Channel,M15,-0.1870400354562009,-22.46735096877839,1381,36.35047067342506,56.08906994727143,0.3308371171685003,False,
Linear Regression Channel,H1,0.9352527205879496,33.02669307480417,323,38.080495356037154,21.26875038462313,0.14560668502614857,False,
Linear Regression Channel,H4,-1.979844358487203,-10.616670320999493,69,33.33333333333333,13.85977232954965,0.1536901709299744,False,
Linear Regression Channel,D1,1.9358173073816665,1.2748548764833505,7,42.857142857142854,2.3413951583342714,0.3876208801365349,False,
MTF Support/Resistance,M15,-0.2136307125683055,-69.05941260739516,1588,26.574307304785894,263.3446242749747,0.2959796942637157,False,
MTF Support/Resistance,H1,-1.180990150363256,-64.60852605437488,446,22.19730941704036,77.28116300932294,0.0586359719986057,False,
MTF Support/Resistance,H4,-2.9157842880350966,-51.11512209435934,143,19.58041958041958,56.74071538876699,0.015124010178497266,False,
MTF Support/Resistance,D1,-9.891652906171764,-29.41650974431136,29,10.344827586206897,32.41668737816293,0.0013296456701710627,False,
Optimal Trade Entry (OTE),M15,0.8231230637131205,15953.25983782746,1723,79.97678467788741,6665.884744361935,0.015779958859010058,False,
Optimal Trade Entry (OTE),H1,2.7859959817092954,1163.8088252206983,494,81.78137651821862,101.92390535657054,5.5478808456726e-05,False,
Optimal Trade Entry (OTE),H4,0.896459138015438,23.54074104929743,149,77.18120805369128,34.28921828229885,0.24657673721404572,False,
Optimal Trade Entry (OTE),D1,15.160035565316413,49.3446350306238,26,96.15384615384616,6.524131893117429,3.3380276199669624e-05,False,
Triple Timeframe Alignment,M15,0.697104681529497,457.853769327025,1005,37.81094527363184,245.07854979700335,0.0822000805856101,False,
Triple Timeframe Alignment,H1,0.8921630250678714,112.18391369444096,340,37.05882352941177,106.60409430034548,0.1507569790086276,False,
Triple Timeframe Alignment,H4,4.300275074706726,89.73449455470603,73,45.20547945205479,29.836110169074438,0.012216787079224104,False,
Triple Timeframe Alignment,D1,76.28079721949082,27.440530395940403,5,100.0,0.0,0.0003276623987215684,False,
ZigZag Indicator,M15,-5.514110881137529,-10.551085165600817,17,23.52941176470588,10.551085165600817,0.09186868532484514,False,
ZigZag Indicator,H1,-11.56709745842633,-16.79671202127849,17,11.76470588235294,16.79671202127849,0.005064260350208827,False,
ZigZag Indicator,H4,-3.3287270562751674,-6.750887033655599,19,21.052631578947366,13.213739117530112,0.19269764884105872,False,
ZigZag Indicator,D1,-4.048027630319107,-5.9599967701118475,13,23.076923076923077,10.739992244223176,0.197199487060226,False,
Chande Kroll Stop,M15,-0.08801988727498808,-31.379672094373078,1226,51.22349102773246,178.55053253206052,0.42307834213254764,False,
Chande Kroll Stop,H1,0.6265981549272612,59.34595536776646,357,55.182072829131656,54.48295995167255,0.2284553842064755,False,
Chande Kroll Stop,H4,2.1715163541375984,73.03640347873312,118,61.016949152542374,27.752081504806775,0.07082859406977736,False,
Chande Kroll Stop,D1,11.784491888831328,35.45014637318989,18,77.77777777777779,7.973768997337993,0.003536972511514055,False,
Drawdown Protection,M15,0.6664750604831147,1306.563426577963,1882,49.36238044633369,442.8480541144994,0.034393004198460995,False,
Drawdown Protection,H1,2.289812128298343,513.2495767065143,569,54.48154657293497,68.44414245881191,0.00031476694990564813,False,
Drawdown Protection,H4,2.7301364811815385,124.89985932889853,198,55.55555555555556,31.114855638117916,0.00834907027696902,False,
Drawdown Protection,D1,12.681792967124004,47.51964522594777,27,77.77777777777779,4.293162292323213,0.0001929381242316093,False,
Ichimoku + VWAP,M15,0.631964786295787,1361.484877395888,2335,42.398286937901496,363.3129778225915,0.027283064069853247,False,
Ichimoku + VWAP,H1,2.1066011828795252,452.6085740757683,672,46.13095238095239,61.23184190811634,0.00031168075919051617,False,
Ichimoku + VWAP,H4,4.065931766613675,185.53868993119164,173,56.06936416184971,17.470306012108303,0.00048150472916037537,True,
Ichimoku + VWAP,D1,4.389411814457716,27.111372339760422,39,43.58974358974359,6.750728455695371,0.04822587527558816,True,
Kelly Criterion,M15,0.30809246819504,362.1199818084855,4994,37.044453344012815,141.91096357836028,0.08515721683968383,False,
Kelly Criterion,H1,0.8473571526672586,231.35256745387,1299,39.87682832948422,83.63271951969796,0.02734255145914911,False,
Kelly Criterion,H4,1.0314077571149642,45.75001525846668,375,38.666666666666664,39.08559077393991,0.10485769424170643,False,
Kelly Criterion,D1,4.901932177818578,28.64707634952045,50,56.00000000000001,7.431783840797671,0.017782968710533316,True,
ROC Momentum,M15,0.0,0.0,0,0.0,0.0,1.0,False,
ROC Momentum,H1,0.0,0.9976240858299025,1,100.0,0.0,1.0,False,
ROC Momentum,H4,3.2917720052635966,1.0848762700585757,3,33.33333333333333,1.7336783951903454,0.39847861754877295,False,
ROC Momentum,D1,3.359018189434605,7.194333734635802,16,50.0,4.494859528746129,0.21266113279192783,False,
TRIX Oscillator,M15,0.11660648969305934,25.91920258934286,1422,35.935302390998594,90.39831055867093,0.3909494304631312,False,
TRIX Oscillator,H1,0.9458676627757371,72.05407935603755,375,36.8,70.91989544962051,0.12496672206568085,False,
TRIX Oscillator,H4,2.8230329262756886,47.493919450645464,103,43.689320388349515,22.063576622904584,0.03772442082824952,True,
TRIX Oscillator,D1,-5.607109305001055,-9.331817088475418,14,21.428571428571427,12.022530866910165,0.11256456910147242,False,
Ultimate Oscillator,M15,-0.5326962018692049,-56.900123929717296,2018,35.4806739345887,80.00850952798356,0.06597516564797104,False,
Ultimate Oscillator,H1,-0.03508809649851033,-1.6192447103446101,507,38.06706114398422,36.446788523412074,0.4801824013591933,False,
Ultimate Oscillator,H4,0.029385155266290222,0.3549752793834341,118,38.13559322033898,15.461264778297501,0.49202972177241966,False,
Ultimate Oscillator,D1,7.591002071138763,7.9800185220262385,11,54.54545454545454,1.9291538146087985,0.08071610079711834,False,
Volume Profile + Fibonacci,M15,1.1192579133335678,721.5700816680879,1155,42.51082251082251,148.55042868921015,0.008386098138981292,False,
Volume Profile + Fibonacci,H1,0.749054069087991,38.606921842234556,281,38.07829181494662,35.46398252794084,0.21522284528643426,False,
Volume Profile + Fibonacci,H4,5.531532046662269,64.76726479678727,64,56.25,9.457036898782262,0.0037211075310227084,True,
Volume Profile + Fibonacci,D1,10.299363870037668,16.676942846437942,11,63.63636363636363,4.714477466877233,0.03365921841546661,False,
