DateTime,Symbol,Side,PnL,IsWin,Confluence,ConfluenceScore,TradeAlignment,H4_Trend,H1_Trend,M15_Trend
2025-10-31 16:24:26,GOLD,Sell,-16.84,False,MIXED,1,MIXED,UNKNOWN,BULLISH,NEUTRAL
2025-10-31 16:24:26,GOLD,Sell,-1671.0,False,MIXED,1,MIXED,UNKNOWN,BULLISH,NEUTRAL
2025-10-31 16:24:39,GOLD,Sell,-1261.0,False,MIXED,1,MIXED,UNKNOWN,BULLISH,NEUTRAL
2025-10-31 16:24:48,GOLD,Sell,-1442.0,False,MIXED,1,MIXED,UNKNOWN,BULLISH,NEUTRAL
2025-11-06 06:31:58,BTCUSD,Sell,4.02,True,PARTIAL_BULLISH,2,MIXED,UNKNOWN,BULLISH,BULLISH
2025-11-06 06:32:00,GOLD,Sell,-67.8,False,PARTIAL_BULLISH,2,MIXED,UNKNOWN,BULLISH,BULLISH
2025-11-18 03:12:50,GOLD,Sell,-54.09,False,MIXED,1,MIXED,UNKNOWN,BEARISH,NEUTRAL
2025-11-18 03:13:17,GOLD,Sell,39.62,True,MIXED,1,MIXED,UNKNOWN,BEARISH,NEUTRAL
2025-12-08 16:43:41,GOLD,Sell,106.0,True,MIXED,1,MIXED,UNKNOWN,UNKNOWN,BEARISH
2025-12-08 18:36:00,GOLD,Sell,-3435.0,False,MIXED,1,MIXED,UNKNOWN,UNKNOWN,NEUTRAL
2025-12-08 20:54:47,GOLD,Sell,-1157.0,False,PARTIAL_BEARISH,2,GOOD,UNKNOWN,BEARISH,BEARISH
2025-12-08 20:54:55,GOLD,Sell,-1171.0,False,PARTIAL_BEARISH,2,GOOD,UNKNOWN,BEARISH,BEARISH
2025-12-08 20:55:00,GOLD,Sell,-943.0,False,PARTIAL_BEARISH,2,GOOD,UNKNOWN,BEARISH,BEARISH
2025-12-08 20:59:41,GOLD,Sell,-936.0,False,PARTIAL_BEARISH,2,GOOD,UNKNOWN,BEARISH,BEARISH
2025-12-08 21:00:49,GOLD,Sell,-954.0,False,PARTIAL_BEARISH,2,GOOD,UNKNOWN,BEARISH,BEARISH
2025-12-08 21:01:12,GOLD,Sell,-1105.0,False,PARTIAL_BEARISH,2,GOOD,UNKNOWN,BEARISH,BEARISH
2025-12-08 22:13:07,GOLD,Sell,-116.3,False,MIXED,1,MIXED,UNKNOWN,BEARISH,NEUTRAL
2025-12-09 16:52:09,GOLD,Sell,-192.0,False,PARTIAL_BULLISH,2,MIXED,UNKNOWN,BULLISH,BULLISH
2025-12-09 16:55:12,GOLD,Buy,146.0,True,PARTIAL_BULLISH,2,GOOD,UNKNOWN,BULLISH,BULLISH
2025-12-09 16:55:50,GOLD,Buy,42.0,True,PARTIAL_BULLISH,2,GOOD,UNKNOWN,BULLISH,BULLISH
2025-12-09 16:56:35,GOLD,Buy,123.0,True,PARTIAL_BULLISH,2,GOOD,UNKNOWN,BULLISH,BULLISH
2025-12-09 16:56:46,GOLD,Buy,10.0,True,PARTIAL_BULLISH,2,GOOD,UNKNOWN,BULLISH,BULLISH
2025-12-09 17:52:51,GOLD,Sell,9.0,True,PARTIAL_BULLISH,2,MIXED,UNKNOWN,BULLISH,BULLISH
2025-12-09 17:52:53,GOLD,Sell,13.7,True,PARTIAL_BULLISH,2,MIXED,UNKNOWN,BULLISH,BULLISH
2025-12-09 17:53:34,GOLD,Sell,10.9,True,PARTIAL_BULLISH,2,MIXED,UNKNOWN,BULLISH,BULLISH
2025-12-09 17:53:40,GOLD,Sell,6.8,True,PARTIAL_BULLISH,2,MIXED,UNKNOWN,BULLISH,BULLISH
2025-12-09 17:53:45,GOLD,Sell,6.2,True,PARTIAL_BULLISH,2,MIXED,UNKNOWN,BULLISH,BULLISH
2025-12-09 17:53:46,GOLD,Sell,6.0,True,PARTIAL_BULLISH,2,MIXED,UNKNOWN,BULLISH,BULLISH
2025-12-09 17:57:46,GOLD,Buy,1.87,True,PARTIAL_BULLISH,2,GOOD,UNKNOWN,BULLISH,BULLISH
2025-12-09 19:50:05,GOLD,Sell,-980.0,False,MIXED,1,MIXED,UNKNOWN,NEUTRAL,NEUTRAL
2025-12-09 20:20:13,GOLD,Buy,-5.06,False,MIXED,1,MIXED,UNKNOWN,BULLISH,NEUTRAL
2025-12-09 21:00:30,GOLD,Sell,-972.0,False,PARTIAL_BULLISH,2,MIXED,UNKNOWN,BULLISH,BULLISH
2025-12-09 21:00:32,GOLD,Sell,-1015.0,False,PARTIAL_BULLISH,2,MIXED,UNKNOWN,BULLISH,BULLISH
2025-12-09 21:00:40,GOLD,Sell,-1088.0,False,PARTIAL_BULLISH,2,MIXED,UNKNOWN,BULLISH,BULLISH
2025-12-09 21:36:03,GOLD,Buy,10.19,True,PARTIAL_BULLISH,2,GOOD,UNKNOWN,BULLISH,BULLISH
2025-12-09 21:36:04,GOLD,Buy,10.01,True,PARTIAL_BULLISH,2,GOOD,UNKNOWN,BULLISH,BULLISH
2025-12-09 21:40:43,GOLD,Buy,10.19,True,PARTIAL_BULLISH,2,GOOD,UNKNOWN,BULLISH,BULLISH
2025-12-09 22:13:26,GOLD,Sell,-33.9,False,PARTIAL_BULLISH,2,MIXED,UNKNOWN,BULLISH,BULLISH
2025-12-09 22:13:26,GOLD,Sell,-37.7,False,PARTIAL_BULLISH,2,MIXED,UNKNOWN,BULLISH,BULLISH
2025-12-09 22:13:27,GOLD,Sell,-36.3,False,PARTIAL_BULLISH,2,MIXED,UNKNOWN,BULLISH,BULLISH
2025-12-09 22:13:27,GOLD,Sell,-36.4,False,PARTIAL_BULLISH,2,MIXED,UNKNOWN,BULLISH,BULLISH
2025-12-09 22:13:27,GOLD,Sell,-36.7,False,PARTIAL_BULLISH,2,MIXED,UNKNOWN,BULLISH,BULLISH
2025-12-09 22:13:28,GOLD,Sell,-37.6,False,PARTIAL_BULLISH,2,MIXED,UNKNOWN,BULLISH,BULLISH
2025-12-09 22:13:28,GOLD,Sell,-37.6,False,PARTIAL_BULLISH,2,MIXED,UNKNOWN,BULLISH,BULLISH
2025-12-09 22:13:28,GOLD,Sell,-37.7,False,PARTIAL_BULLISH,2,MIXED,UNKNOWN,BULLISH,BULLISH
2025-12-09 22:13:29,GOLD,Sell,-38.6,False,PARTIAL_BULLISH,2,MIXED,UNKNOWN,BULLISH,BULLISH
2025-12-09 23:05:24,SILVER,Buy,-25.15,False,PARTIAL_BULLISH,2,GOOD,UNKNOWN,BULLISH,BULLISH
2025-12-09 23:05:40,SILVER,Buy,-25.1,False,PARTIAL_BULLISH,2,GOOD,UNKNOWN,BULLISH,BULLISH
2025-12-09 23:12:53,SILVER,Buy,-25.3,False,PARTIAL_BULLISH,2,GOOD,UNKNOWN,BULLISH,BULLISH
2025-12-09 23:27:05,SILVER,Buy,-24.25,False,PARTIAL_BULLISH,2,GOOD,UNKNOWN,BULLISH,BULLISH
2025-12-09 23:27:15,SILVER,Buy,-25.6,False,PARTIAL_BULLISH,2,GOOD,UNKNOWN,BULLISH,BULLISH
2025-12-09 23:27:16,SILVER,Buy,-25.15,False,PARTIAL_BULLISH,2,GOOD,UNKNOWN,BULLISH,BULLISH
2025-12-09 23:28:23,SILVER,Buy,-25.2,False,PARTIAL_BULLISH,2,GOOD,UNKNOWN,BULLISH,BULLISH
2025-12-09 23:28:35,SILVER,Buy,-25.0,False,PARTIAL_BULLISH,2,GOOD,UNKNOWN,BULLISH,BULLISH
2025-12-09 23:28:35,SILVER,Buy,-25.15,False,PARTIAL_BULLISH,2,GOOD,UNKNOWN,BULLISH,BULLISH
2025-12-09 23:28:38,SILVER,Buy,-24.9,False,PARTIAL_BULLISH,2,GOOD,UNKNOWN,BULLISH,BULLISH
2025-12-09 23:28:38,SILVER,Buy,-25.05,False,PARTIAL_BULLISH,2,GOOD,UNKNOWN,BULLISH,BULLISH
2025-12-09 23:28:40,SILVER,Buy,-26.2,False,PARTIAL_BULLISH,2,GOOD,UNKNOWN,BULLISH,BULLISH
2025-12-09 23:31:31,SILVER,Buy,-25.0,False,PARTIAL_BULLISH,2,GOOD,UNKNOWN,BULLISH,BULLISH
2025-12-09 23:32:28,SILVER,Buy,-25.0,False,PARTIAL_BULLISH,2,GOOD,UNKNOWN,BULLISH,BULLISH
2025-12-10 00:15:19,SILVER,Buy,-25.35,False,PARTIAL_BULLISH,2,GOOD,UNKNOWN,BULLISH,BULLISH
2025-12-10 01:42:47,SILVER,Buy,15.0,True,PARTIAL_BULLISH,2,GOOD,UNKNOWN,BULLISH,BULLISH
2025-12-10 02:03:40,SILVER,Buy,-3.75,False,PARTIAL_BULLISH,2,GOOD,UNKNOWN,BULLISH,BULLISH
2025-12-10 02:03:41,SILVER,Buy,-3.85,False,PARTIAL_BULLISH,2,GOOD,UNKNOWN,BULLISH,BULLISH
2025-12-10 02:05:24,SILVER,Buy,-7.3,False,PARTIAL_BULLISH,2,GOOD,UNKNOWN,BULLISH,BULLISH
2025-12-10 02:05:26,SILVER,Buy,0.8,True,PARTIAL_BULLISH,2,GOOD,UNKNOWN,BULLISH,BULLISH
2025-12-10 02:05:26,SILVER,Buy,2.45,True,PARTIAL_BULLISH,2,GOOD,UNKNOWN,BULLISH,BULLISH
2025-12-10 02:05:27,SILVER,Buy,3.9,True,PARTIAL_BULLISH,2,GOOD,UNKNOWN,BULLISH,BULLISH
2025-12-10 02:05:31,SILVER,Buy,-5.1,False,PARTIAL_BULLISH,2,GOOD,UNKNOWN,BULLISH,BULLISH
2025-12-10 02:05:34,SILVER,Buy,5.85,True,PARTIAL_BULLISH,2,GOOD,UNKNOWN,BULLISH,BULLISH
2025-12-10 02:05:34,SILVER,Buy,3.3,True,PARTIAL_BULLISH,2,GOOD,UNKNOWN,BULLISH,BULLISH
2025-12-10 02:05:35,SILVER,Buy,-1.0,False,PARTIAL_BULLISH,2,GOOD,UNKNOWN,BULLISH,BULLISH
2025-12-10 02:05:35,SILVER,Buy,-6.45,False,PARTIAL_BULLISH,2,GOOD,UNKNOWN,BULLISH,BULLISH
2025-12-10 02:05:39,SILVER,Buy,-3.1,False,PARTIAL_BULLISH,2,GOOD,UNKNOWN,BULLISH,BULLISH
2025-12-10 02:05:41,SILVER,Buy,-415.0,False,PARTIAL_BULLISH,2,GOOD,UNKNOWN,BULLISH,BULLISH
2025-12-10 02:30:44,BTCUSD,Buy,46.6,True,MIXED,1,MIXED,UNKNOWN,NEUTRAL,BEARISH
2025-12-10 02:42:40,SILVER,Buy,-1560.0,False,MIXED,1,MIXED,UNKNOWN,BULLISH,NEUTRAL
2025-12-10 02:42:44,SILVER,Buy,-1640.0,False,MIXED,1,MIXED,UNKNOWN,BULLISH,NEUTRAL
2025-12-10 02:58:03,SILVER,Buy,-1695.0,False,MIXED,1,MIXED,UNKNOWN,BULLISH,NEUTRAL
2025-12-10 02:58:20,SILVER,Buy,-890.0,False,MIXED,1,MIXED,UNKNOWN,BULLISH,NEUTRAL
2025-12-10 02:58:20,SILVER,Buy,-870.0,False,MIXED,1,MIXED,UNKNOWN,BULLISH,NEUTRAL
2025-12-10 02:58:21,BTCUSD,Buy,-339.6,False,MIXED,1,MIXED,UNKNOWN,NEUTRAL,BEARISH
2025-12-10 02:58:30,BTCUSD,Buy,-344.7,False,MIXED,1,MIXED,UNKNOWN,NEUTRAL,BEARISH
2025-12-10 02:58:31,BTCUSD,Buy,-344.0,False,MIXED,1,MIXED,UNKNOWN,NEUTRAL,BEARISH
2025-12-10 02:58:31,BTCUSD,Buy,-138.4,False,MIXED,1,MIXED,UNKNOWN,NEUTRAL,BEARISH
2025-12-10 03:00:44,BTCUSD,Buy,-145.9,False,MIXED,1,MIXED,UNKNOWN,NEUTRAL,BEARISH
2025-12-10 03:00:45,BTCUSD,Buy,-143.8,False,MIXED,1,MIXED,UNKNOWN,NEUTRAL,BEARISH
2025-12-10 03:00:55,BTCUSD,Buy,-154.3,False,MIXED,1,MIXED,UNKNOWN,NEUTRAL,BEARISH
2025-12-10 03:00:58,BTCUSD,Buy,-173.3,False,MIXED,1,MIXED,UNKNOWN,NEUTRAL,BEARISH
2025-12-10 03:01:50,BTCUSD,Buy,-163.9,False,MIXED,1,MIXED,UNKNOWN,NEUTRAL,BEARISH
2025-12-10 05:21:00,BTCUSD,Buy,119.43,True,MIXED,1,MIXED,UNKNOWN,NEUTRAL,BEARISH
2025-12-10 06:46:53,SILVER,Buy,-64.0,False,PARTIAL_BULLISH,2,GOOD,UNKNOWN,BULLISH,BULLISH
2025-12-10 06:47:07,SILVER,Buy,-70.5,False,PARTIAL_BULLISH,2,GOOD,UNKNOWN,BULLISH,BULLISH
2025-12-10 06:47:21,SILVER,Buy,-75.5,False,PARTIAL_BULLISH,2,GOOD,UNKNOWN,BULLISH,BULLISH
2025-12-10 06:47:25,SILVER,Buy,-83.5,False,PARTIAL_BULLISH,2,GOOD,UNKNOWN,BULLISH,BULLISH
2025-12-11 21:13:57,GOLD,Sell,165.0,True,MIXED,1,MIXED,UNKNOWN,BULLISH,NEUTRAL
2025-12-11 21:17:54,GOLD,Buy,-248.0,False,PARTIAL_BULLISH,2,GOOD,UNKNOWN,BULLISH,BULLISH
2025-12-11 21:25:06,GOLD,Sell,78.0,True,PARTIAL_BULLISH,2,MIXED,UNKNOWN,BULLISH,BULLISH
2025-12-11 21:38:09,GOLD,Sell,261.0,True,PARTIAL_BULLISH,2,MIXED,UNKNOWN,BULLISH,BULLISH
2025-12-11 21:55:53,SILVER,Sell,102.0,True,MIXED,1,MIXED,UNKNOWN,BULLISH,NEUTRAL
2025-12-11 21:56:00,GOLD,Sell,620.0,True,PARTIAL_BULLISH,2,MIXED,UNKNOWN,BULLISH,BULLISH
2025-12-11 21:56:18,SILVER,Sell,11.0,True,MIXED,1,MIXED,UNKNOWN,BULLISH,NEUTRAL
2025-12-11 21:57:29,GOLD,Sell,643.0,True,PARTIAL_BULLISH,2,MIXED,UNKNOWN,BULLISH,BULLISH
2025-12-11 22:18:13,SILVER,Sell,-4003.5,False,MIXED,1,MIXED,UNKNOWN,BULLISH,NEUTRAL
2025-12-12 03:42:25,GOLD,Buy,967.0,True,MIXED,1,MIXED,UNKNOWN,BULLISH,BEARISH
2025-12-12 03:42:27,GOLD,Buy,813.0,True,MIXED,1,MIXED,UNKNOWN,BULLISH,BEARISH
2025-12-12 03:42:56,GOLD,Buy,790.0,True,MIXED,1,MIXED,UNKNOWN,BULLISH,BEARISH
2025-12-12 03:43:19,GOLD,Buy,783.0,True,MIXED,1,MIXED,UNKNOWN,BULLISH,BEARISH
2025-12-12 03:50:46,BTCUSD,Sell,-1.58,False,PARTIAL_BULLISH,2,MIXED,UNKNOWN,BULLISH,BULLISH
2025-12-12 04:03:08,GOLD,Buy,1424.0,True,MIXED,1,MIXED,UNKNOWN,BULLISH,NEUTRAL
2025-12-12 04:06:02,GOLD,Buy,-640.0,False,MIXED,1,MIXED,UNKNOWN,BULLISH,NEUTRAL
2025-12-12 04:22:38,GOLD,Buy,-486.0,False,MIXED,1,MIXED,UNKNOWN,BULLISH,NEUTRAL
2025-12-12 04:49:41,GOLD,Buy,-288.0,False,MIXED,1,MIXED,UNKNOWN,BULLISH,BEARISH
2025-12-12 05:00:12,GOLD,Buy,-1546.0,False,MIXED,1,MIXED,UNKNOWN,BULLISH,NEUTRAL
2025-12-12 05:00:16,GOLD,Buy,-1292.0,False,MIXED,1,MIXED,UNKNOWN,BULLISH,NEUTRAL
2025-12-12 05:00:17,GOLD,Buy,-1296.0,False,MIXED,1,MIXED,UNKNOWN,BULLISH,NEUTRAL
2025-12-12 08:30:30,GOLD,Sell,-5635.5,False,PARTIAL_BULLISH,2,MIXED,UNKNOWN,BULLISH,BULLISH
2025-12-18 17:25:57,SILVER,Buy,540.0,True,PARTIAL_BEARISH,2,MIXED,UNKNOWN,BEARISH,BEARISH
2025-12-18 18:34:45,SILVER,Buy,-7925.0,False,MIXED,1,MIXED,UNKNOWN,BEARISH,NEUTRAL
2025-12-18 18:37:27,GOLD,Buy,-3396.6,False,PARTIAL_BULLISH,2,GOOD,UNKNOWN,BULLISH,BULLISH
2025-12-18 21:00:03,GOLD,Buy,-6267.9,False,MIXED,1,MIXED,UNKNOWN,NEUTRAL,BEARISH
2025-12-18 21:00:05,GOLD,Buy,-6813.6,False,MIXED,1,MIXED,UNKNOWN,NEUTRAL,BEARISH
2025-12-18 21:00:05,SILVER,Buy,-250.0,False,PARTIAL_BEARISH,2,MIXED,UNKNOWN,BEARISH,BEARISH
2025-12-18 22:14:13,BTCUSD,Sell,3503.4,True,PARTIAL_BEARISH,2,GOOD,UNKNOWN,BEARISH,BEARISH
2025-12-19 08:53:24,GOLD,Sell,-18.74,False,MIXED,1,MIXED,UNKNOWN,NEUTRAL,BULLISH
2025-12-19 16:25:37,GOLD,Sell,530.0,True,MIXED,1,MIXED,UNKNOWN,NEUTRAL,NEUTRAL
2025-12-19 23:54:43,GOLD,Sell,8325.2,True,MIXED,1,MIXED,UNKNOWN,NEUTRAL,BEARISH
2025-12-20 02:06:24,GOLD,Sell,10699.2,True,MIXED,1,MIXED,UNKNOWN,NEUTRAL,BEARISH
2025-12-20 02:28:55,GOLD,Sell,272.0,True,MIXED,1,MIXED,UNKNOWN,NEUTRAL,BEARISH
2025-12-20 02:31:44,GOLD,Sell,260.0,True,MIXED,1,MIXED,UNKNOWN,NEUTRAL,BEARISH
2025-12-20 03:28:52,BTCUSD,Sell,4078.0,True,PARTIAL_BULLISH,2,MIXED,UNKNOWN,BULLISH,BULLISH
2025-12-20 03:31:03,GOLD,Sell,-8600.0,False,MIXED,1,MIXED,UNKNOWN,NEUTRAL,BEARISH
2025-12-20 03:56:03,BTCUSD,Sell,862.0,True,MIXED,1,MIXED,UNKNOWN,BULLISH,NEUTRAL
2025-12-20 04:09:48,GOLD,Sell,-4110.0,False,MIXED,1,MIXED,UNKNOWN,NEUTRAL,BEARISH
2025-12-22 07:43:51,BTCUSD,Sell,22383.0,True,PARTIAL_BULLISH,2,MIXED,UNKNOWN,BULLISH,BULLISH
2025-12-22 13:09:07,SILVER,Buy,13882.8,True,MIXED,1,MIXED,UNKNOWN,UNKNOWN,BULLISH
2025-12-22 13:10:05,SILVER,Buy,5471.8,True,MIXED,1,MIXED,UNKNOWN,UNKNOWN,BULLISH
2025-12-22 22:45:40,SILVER,Buy,8717.25,True,PARTIAL_BULLISH,2,GOOD,UNKNOWN,BULLISH,BULLISH
2025-12-23 06:32:47,GOLD,Buy,-83160.0,False,MIXED,1,MIXED,UNKNOWN,BULLISH,NEUTRAL
2025-12-23 06:33:15,GOLD,Buy,-42690.0,False,MIXED,1,MIXED,UNKNOWN,BULLISH,NEUTRAL
2025-12-23 06:43:17,GOLD,Buy,-31440.0,False,MIXED,1,MIXED,UNKNOWN,BULLISH,NEUTRAL
2025-12-26 20:01:02,GOLD,Buy,-3303.0,False,MIXED,1,MIXED,UNKNOWN,UNKNOWN,BEARISH
2025-12-26 21:00:30,GOLD,Buy,-1523.0,False,MIXED,1,MIXED,UNKNOWN,UNKNOWN,BULLISH
2025-12-26 22:19:44,SILVER,Buy,-260.6,False,MIXED,1,MIXED,UNKNOWN,UNKNOWN,BULLISH
2025-12-26 22:19:45,GOLD,Buy,-80.14,False,MIXED,1,MIXED,UNKNOWN,UNKNOWN,NEUTRAL
2025-12-26 22:19:47,GOLD,Buy,-12.32,False,MIXED,1,MIXED,UNKNOWN,UNKNOWN,NEUTRAL
2025-12-26 22:19:47,BTCUSD,Sell,5.59,True,MIXED,1,MIXED,UNKNOWN,BEARISH,NEUTRAL
2025-12-26 22:19:47,BTCUSD,Sell,110.9,True,MIXED,1,MIXED,UNKNOWN,BEARISH,NEUTRAL
2025-12-27 01:03:53,GOLD,Sell,164.64,True,MIXED,1,MIXED,UNKNOWN,UNKNOWN,BULLISH
2025-12-29 11:09:38,BTCUSD,Sell,46646.0,True,MIXED,1,MIXED,UNKNOWN,NEUTRAL,NEUTRAL
